feature,auc,auc_norm
internet,0.992035707758335,1
Visa_delinquency,0.990571240553105,0.722288101647652
Visa_fultimo_cierre,0.990143520604999,0.641178112753826
Visa_Finiciomora,0.988851594083911,0.396185691331521
Master_fultimo_cierre,0.986762375164668,0
